<?xml version="1.0" encoding="UTF-8"?>
<GenRun Id="impl_1" LaunchPart="xc7a100tcsg324-1" LaunchTime="1539712445">
  <File Type="ROUTE-PWR" Name="GPIO_demo_power_routed.rpt"/>
  <File Type="PA-TCL" Name="GPIO_demo.tcl"/>
  <File Type="BITSTR-BMM" Name="GPIO_demo_bd.bmm"/>
  <File Type="ROUTE-PWR-SUM" Name="GPIO_demo_power_summary_routed.pb"/>
  <File Type="REPORTS-TCL" Name="GPIO_demo_reports.tcl"/>
  <File Type="OPT-DCP" Name="GPIO_demo_opt.dcp"/>
  <File Type="OPT-DRC" Name="GPIO_demo_drc_opted.rpt"/>
  <File Type="OPT-HWDEF" Name="GPIO_demo.hwdef"/>
  <File Type="PWROPT-DCP" Name="GPIO_demo_pwropt.dcp"/>
  <File Type="PLACE-DCP" Name="GPIO_demo_placed.dcp"/>
  <File Type="PLACE-IO" Name="GPIO_demo_io_placed.rpt"/>
  <File Type="PLACE-UTIL" Name="GPIO_demo_utilization_placed.rpt"/>
  <File Type="PLACE-UTIL-PB" Name="GPIO_demo_utilization_placed.pb"/>
  <File Type="PLACE-CTRL" Name="GPIO_demo_control_sets_placed.rpt"/>
  <File Type="PLACE-PRE-SIMILARITY" Name="GPIO_demo_incremental_reuse_pre_placed.rpt"/>
  <File Type="BG-BGN" Name="GPIO_demo.bgn"/>
  <File Type="POSTPLACE-PWROPT-DCP" Name="GPIO_demo_postplace_pwropt.dcp"/>
  <File Type="BG-BIN" Name="GPIO_demo.bin"/>
  <File Type="PHYSOPT-DCP" Name="GPIO_demo_physopt.dcp"/>
  <File Type="BITSTR-MSK" Name="GPIO_demo.msk"/>
  <File Type="ROUTE-ERROR-DCP" Name="GPIO_demo_routed_error.dcp"/>
  <File Type="ROUTE-DCP" Name="GPIO_demo_routed.dcp"/>
  <File Type="ROUTE-BLACKBOX-DCP" Name="GPIO_demo_routed_bb.dcp"/>
  <File Type="ROUTE-DRC" Name="GPIO_demo_drc_routed.rpt"/>
  <File Type="ROUTE-DRC-PB" Name="GPIO_demo_drc_routed.pb"/>
  <File Type="ROUTE-DRC-RPX" Name="GPIO_demo_drc_routed.rpx"/>
  <File Type="BITSTR-LTX" Name="GPIO_demo.ltx"/>
  <File Type="ROUTE-METHODOLOGY-DRC" Name="GPIO_demo_methodology_drc_routed.rpt"/>
  <File Type="BITSTR-MMI" Name="GPIO_demo.mmi"/>
  <File Type="ROUTE-METHODOLOGY-DRC-RPX" Name="GPIO_demo_methodology_drc_routed.rpx"/>
  <File Type="ROUTE-METHODOLOGY-DRC-PB" Name="GPIO_demo_methodology_drc_routed.pb"/>
  <File Type="BITSTR-SYSDEF" Name="GPIO_demo.sysdef"/>
  <File Type="ROUTE-PWR-RPX" Name="GPIO_demo_power_routed.rpx"/>
  <File Type="ROUTE-STATUS" Name="GPIO_demo_route_status.rpt"/>
  <File Type="ROUTE-STATUS-PB" Name="GPIO_demo_route_status.pb"/>
  <File Type="ROUTE-TIMINGSUMMARY" Name="GPIO_demo_timing_summary_routed.rpt"/>
  <File Type="ROUTE-TIMING-PB" Name="GPIO_demo_timing_summary_routed.pb"/>
  <File Type="ROUTE-TIMING-RPX" Name="GPIO_demo_timing_summary_routed.rpx"/>
  <File Type="ROUTE-CLK" Name="GPIO_demo_clock_utilization_routed.rpt"/>
  <File Type="ROUTE-BUS-SKEW" Name="GPIO_demo_bus_skew_routed.rpt"/>
  <File Type="ROUTE-BUS-SKEW-PB" Name="GPIO_demo_bus_skew_routed.pb"/>
  <File Type="ROUTE-BUS-SKEW-RPX" Name="GPIO_demo_bus_skew_routed.rpx"/>
  <File Type="POSTROUTE-PHYSOPT-DCP" Name="GPIO_demo_postroute_physopt.dcp"/>
  <File Type="POSTROUTE-PHYSOPT-BLACKBOX-DCP" Name="GPIO_demo_postroute_physopt_bb.dcp"/>
  <File Type="BG-BIT" Name="GPIO_demo.bit"/>
  <File Type="BITSTR-RBT" Name="GPIO_demo.rbt"/>
  <File Type="BITSTR-NKY" Name="GPIO_demo.nky"/>
  <File Type="BG-DRC" Name="GPIO_demo.drc"/>
  <File Type="RDI-RDI" Name="GPIO_demo.vdi"/>
  <File Type="WBT-USG" Name="usage_statistics_webtalk.html"/>
  <FileSet Name="sources" Type="DesignSrcs" RelSrcDir="$PSRCDIR/sources_1">
    <Filter Type="Srcs"/>
    <File Path="$PSRCDIR/sources_1/imports/hdl/RGB_controller.vhd">
      <FileInfo>
        <Attr Name="ImportPath" Val="$PPRDIR/../../../../src/hdl/RGB_controller.vhd"/>
        <Attr Name="ImportTime" Val="1539710432"/>
        <Attr Name="UsedIn" Val="synthesis"/>
        <Attr Name="UsedIn" Val="simulation"/>
      </FileInfo>
    </File>
    <File Path="$PSRCDIR/sources_1/imports/hdl/UART_TX_CTRL.vhd">
      <FileInfo>
        <Attr Name="ImportPath" Val="$PPRDIR/../../../../src/hdl/UART_TX_CTRL.vhd"/>
        <Attr Name="ImportTime" Val="1539710432"/>
        <Attr Name="UsedIn" Val="synthesis"/>
        <Attr Name="UsedIn" Val="simulation"/>
      </FileInfo>
    </File>
    <File Path="$PSRCDIR/sources_1/imports/hdl/debouncer.vhd">
      <FileInfo>
        <Attr Name="ImportPath" Val="$PPRDIR/../../../../src/hdl/debouncer.vhd"/>
        <Attr Name="ImportTime" Val="1539710432"/>
        <Attr Name="UsedIn" Val="synthesis"/>
        <Attr Name="UsedIn" Val="simulation"/>
      </FileInfo>
    </File>
    <File Path="$PSRCDIR/sources_1/imports/hdl/GPIO_Demo.vhd">
      <FileInfo>
        <Attr Name="ImportPath" Val="$PPRDIR/../../../../src/hdl/GPIO_Demo.vhd"/>
        <Attr Name="ImportTime" Val="1539710432"/>
        <Attr Name="UsedIn" Val="synthesis"/>
        <Attr Name="UsedIn" Val="simulation"/>
      </FileInfo>
    </File>
    <Config>
      <Option Name="DesignMode" Val="RTL"/>
      <Option Name="TopModule" Val="GPIO_demo"/>
      <Option Name="TopAutoSet" Val="TRUE"/>
    </Config>
  </FileSet>
  <FileSet Name="constrs_in" Type="Constrs" RelSrcDir="$PSRCDIR/constrs_1">
    <Filter Type="Constrs"/>
    <File Path="$PSRCDIR/constrs_1/imports/constraints/Arty_Master.xdc">
      <FileInfo>
        <Attr Name="ImportPath" Val="$PPRDIR/../../../../src/constraints/Arty_Master.xdc"/>
        <Attr Name="ImportTime" Val="1539710432"/>
        <Attr Name="UsedIn" Val="synthesis"/>
        <Attr Name="UsedIn" Val="implementation"/>
      </FileInfo>
    </File>
    <Config>
      <Option Name="ConstrsType" Val="XDC"/>
    </Config>
  </FileSet>
  <Strategy Version="1" Minor="2">
    <StratHandle Name="Vivado Implementation Defaults" Flow="Vivado Implementation 2018"/>
    <Step Id="init_design"/>
    <Step Id="opt_design">
      <Option Id="Directive">4</Option>
    </Step>
    <Step Id="power_opt_design"/>
    <Step Id="place_design">
      <Option Id="Directive">15</Option>
    </Step>
    <Step Id="post_place_power_opt_design"/>
    <Step Id="phys_opt_design"/>
    <Step Id="route_design">
      <Option Id="Directive">5</Option>
    </Step>
    <Step Id="post_route_phys_opt_design"/>
    <Step Id="write_bitstream"/>
  </Strategy>
</GenRun>
